SERIES,Denmark,Finland,Iceland,Norway,Sweden,OECD 2030-target
Non-performing loans to total gross loans (%),1.40572759059854,1.45017555342117,2.90217036371759,0.736074194281787,0.513361451406936,1
Return on assets  (%),0.299666968834305,0.48834403870474,0.942206014023462,1.11433081041666,0.712752677581609,2
Regulatory capital to assets (%),4.64546707811849,6.14251952164462,15.3815442567175,,5.66657186906629,12
Non-performing loans net of provisions to capital (%),14.0647898862821,9.67393081571354,5.56401003679985,0.298485833496028,2.62610173874472,2
Regulatory Tier 1 capital to risk-weighted assets (%),20.6068609904668,18.5583632808947,22.4123679196079,22.0244158937396,21.136026692963,22
Liquid assets to short term liabilities (%),59.3227573633341,21.7269719835183,23.6478937357859,18.8738267675057,23.1696863342677,130
Net open position in foreign exchange to capital (%),-2.47280543686733,,2.2558288842225,,0.562117949258991,-24
