REF_AREA,Households,Out-of-home consumption,Retail
Denmark,81.33385,20.64047,29.80012
Finland,65.42417,23.30508,12.8114
Iceland,76.17717,25.56763,12.80991
Norway,78.8006,4.96118,13.77387
Sweden,81.00007,20.50002,10.00001
