TIME_PERIOD,Denmark,Finland,Iceland,Norway,Sweden
2015,0.29304,0.57997,0.0,0.13524,0.28492
2016,0.27513,0.59875,0.0,0.12364,0.27686
2017,0.36184,0.59953,0.0,0.11305,0.26913
2018,0.4012,0.65411,0.0,0.09738,0.24234
2019,0.39504,0.57659,0.0,0.09139,0.30977
2020,0.44876,0.60199,0.0,0.08116,0.31438
