SERIES,Denmark,Finland,Iceland,Norway,Sweden
Freshwater KBAs,99.47953,75.80689,35.8532,64.31835,59.41169
Terrestial KBAs,88.81915,71.75168,19.07974,56.52943,59.09521
