SERIES,Denmark,Finland,Iceland,Norway,Sweden
Freshwater KBAs,99.47953,75.81041,35.85212,65.46232,59.41702
Terrestial KBAs,88.63242,71.77046,19.60194,56.80124,59.23142
