TIME_PERIOD,Denmark,Finland,Iceland,Norway,Sweden
2000,40.66,100.0,43.96,38.14,95.68
2010,49.79,99.26,74.13,30.87,81.2
2015,49.79,100.0,80.96,45.59,81.06
2016,49.79,100.0,81.91,49.49,81.06
2017,49.79,100.0,83.31,50.77,81.06
2018,49.79,100.0,83.33,50.92,81.06
2019,49.79,100.0,84.59,51.07,81.06
2020,49.79,100.0,85.88,51.21,81.06
Pct_change 2010-2020,0.0,0.7455168245013045,15.850532847699988,65.88921282798833,-0.17241379310344895
