TIME_PERIOD,Denmark,Finland,Iceland,Norway,Sweden
2000,2.9471,9.9206,0.9967,1.3014,6.3932
2010,6.6738,13.3942,1.2458,3.5417,7.2347
2015,6.6994,12.6318,1.2666,4.283,7.5805
2016,6.6994,12.6318,1.2666,4.4313,7.6599
2017,6.6994,12.6318,1.2666,4.5795,7.741
2018,6.6994,12.6318,,4.7278,7.741
2019,8.3867,12.6318,,4.876,7.741
2020,8.3867,12.6318,,5.0243,7.741
Pct_change 2010-2020,25.666037340046145,-5.692015947201024,,41.86125307055934,6.998216926755768
