TIME_PERIOD,Denmark,Finland,Iceland,Norway,Sweden
2010,0.25749,-0.0911,4.12051,-0.00908,-0.032
2020,0.69324,0.07483,1.40338,0.06427,-0.03318
