SERIES,Denmark,Finland,Iceland,Norway,Sweden
Female,0.86057,0.89231,0.97615,0.92708,0.92967
Youth,1.09092,1.0573,0.79832,0.97109,0.9722
