SERIES,Denmark,Finland,Iceland,Norway,Sweden
Female,0.78271,0.89001,0.95145,0.90555,0.91828
Youth,1.14357,1.0581,0.83645,0.95773,1.0384
