TIME_PERIOD,World average,Denmark,Finland,Iceland,Norway,Sweden
2016,63.90909,56.4,67.0,100.0,61.4,54.4
2018,57.0879,47.92999,79.58333,100.0,61.95815,57.48915
