TIME_PERIOD,Denmark,Finland,Iceland,Norway,DAC-total,Sweden
2018,0.20132,0.11446,0.12433,0.27429,0.09087,0.3421
2019,0.22088,0.13575,0.09883,0.27838,0.08466,0.3243
2020,0.20921,0.13912,0.10465,0.31522,0.09448,0.35287
2021,0.21731,0.15905,0.10844,0.24643,0.08796,0.32137
