REF_AREA,SPAR2_C01,SPAR2_C02,SPAR2_C03,SPAR2_C04,SPAR2_C05,SPAR2_C06,SPAR2_C07,SPAR2_C08,SPAR2_C09,SPAR2_C10,SPAR2_C11,SPAR2_C12,SPAR2_C13,SPAR2_C14,SPAR2_C15,Average
Denmark,100,100,70,100,100,100,87,93,100,100,100,100,100,100,100,96.66666666666667
Finland,90,80,100,92,80,60,53,87,93,87,73,100,100,60,100,83.66666666666667
Iceland,60,80,90,80,90,90,73,67,67,73,87,60,80,80,80,77.13333333333334
Norway,100,100,100,92,100,100,100,100,87,100,80,100,100,80,80,94.6
Sweden,90,87,100,88,80,80,80,87,80,80,93,100,80,100,100,88.33333333333333
