REF_AREA,SPAR2_C01,SPAR2_C02,SPAR2_C03,SPAR2_C04,SPAR2_C05,SPAR2_C06,SPAR2_C07,SPAR2_C08,SPAR2_C09,SPAR2_C10,SPAR2_C11,SPAR2_C12,SPAR2_C13,SPAR2_C14,SPAR2_C15,Average
World,56,67,64,74,84,60,72,75,62,69,64,67,65,56,59,66.26666666666667
Australia and New Zealand,100,93,85,90,90,75,84,96,84,94,96,60,90,100,70,87.13333333333334
Central and Southern Asia,51,70,65,71,84,64,71,75,58,65,68,66,51,51,57,64.46666666666667
Sub-Saharan Africa,37,51,48,60,75,45,57,62,45,62,45,57,47,33,38,50.8
Latin America and the Caribbean,53,66,58,73,84,59,76,73,58,65,67,63,70,56,53,64.93333333333334
Europe and Northern America,67,77,78,84,87,68,79,84,77,73,67,80,86,74,81,77.46666666666667
Oceania*,60,48,60,75,90,54,76,71,56,76,71,34,51,31,40,59.53333333333333
Northern Africa and Western Asia,65,75,74,80,90,67,79,81,68,70,76,76,67,70,73,74.06666666666666
Eastern and South-Eastern Asia,77,86,79,80,89,76,83,83,76,84,73,79,66,71,63,77.66666666666667
