COMPOSITE_BREAKDOWN,Denmark,Finland,Iceland,Norway,Sweden,OECD
SKILL_ICTCMFL,68.05402,61.31199,71.2134,68.0,55.79176,74
SKILL_ICTCPT,68.453,69.1978,82.25213,78.0,63.66826,73
SKILL_ICTPRGM,14.29944,8.84956,12.88455,11.0,10.8561,12
SKILL_ICTPST,48.78793,45.05263,54.05893,48.99999,43.50045,54
SKILL_ICTSFWR,64.54957,63.10363,70.07553,80.99999,65.14964,70
SKILL_ICTSSHT,54.47866,48.37608,71.26471,59.99999,46.14517,60
SKILL_ICTTRFF,61.03874,63.00256,72.59707,65.0,48.89538,63
