SERIES,ISCED11_1,ISCED11_2,ISCED11_3
SE_ACC_HNDWSH,76.56079,81.05863,80.79882
SE_ACS_CMPTR,46.35516,61.56923,75.69839
SE_ACS_ELECT,75.19991,85.22341,90.2516
SE_ACS_H2O,75.68684,85.84032,85.63175
SE_ACS_INTNT,40.2896,50.94713,65.49582
SE_ACS_SANIT,76.79136,88.87602,89.19705
SE_INF_DSBL,48.06484,56.34347,56.25208
