EDUCATION_LEV,World,Least Developed Countries
ISCED11_1,82.54252,70.19074
ISCED11_2,83.99863,62.72872
ISCED11_3,81.40819,62.56725
