EDUCATION_LEV,World,Least Developed Countries
ISCED11_1,86.16146,72.24183
ISCED11_2,83.80424,63.81754
ISCED11_3,85.04555,58.06813
