TIME_PERIOD,Denmark,Finland,Iceland,Norway,Sweden
2022,80.0,70.0,80.0,70.0,80.0
2022,100.0,77.7778,100.0,88.8889,100.0
2022,90.0,100.0,100.0,100.0,100.0
2022,90.9091,81.8182,72.7273,81.8182,90.9091
Average across all areas,90.22727499999999,82.399,88.181825,85.176775,92.72727499999999
