TIME_PERIOD,Denmark,Finland,Iceland,Norway,Sweden
Area 1: Overarching legal frameworks and public life,80.0,70.0,80.0,70.0,80.0
Area 2:  Violence against women,91.66666,66.66666,91.66666,58.33333,91.66666
Area 3: Employment and economic benefits,90.0,100.0,100.0,100.0,100.0
Area 4: Marriage and family,90.90909,72.72727,72.72727,81.81818,90.90909
Average across all areas,88.14393749999999,77.34848249999999,86.09848249999999,77.5378775,90.64393749999999
