TIME_PERIOD,Denmark,Finland,Iceland,Norway,Sweden
2020,95.94201,92.28329,73.46891,75.65636,95.2005
2022,98.79153,89.73807,3.04609,75.81466,96.98074
