TIME_PERIOD,Denmark,Finland,Iceland,Norway,Sweden
2017,93.0,74.63889,51.875,63.44444,88.5
2020,95.0,80.0,69.0,68.0,86.0
