TIME_PERIOD,Denmark,Finland,Iceland,Norway,Sweden
CAGR 2010-2019,-4.0075876562030155,-1.9914174779994909,-2.2218928729179632,-3.4559892064959796,-2.4944203087006733
