TIME_PERIOD,Denmark,Finland,Iceland,Norway,Sweden
2007-2021,0.6439999999999999,0.706,0.9779999999999999,0.43866666666666665,1.0446666666666669
