Time,Denmark,Finland,Iceland,Norway,Sweden
2007-2021,1.0638706666666666,0.6828765333333334,1.9119286666666662,0.04896673333333338,0.8576572666666666
