Time,Denmark,Finland,Iceland,Norway,Sweden
2007-2021,1.0151896666666667,0.7101502,1.8749152666666662,0.04964126666666665,0.9040385333333333
