Time,Denmark,Finland,Iceland,Norway,Sweden
2007-2021,1.0638706666666666,0.6570576,1.8492211999999997,0.04896673333333338,0.8512954
